matrixSize,processor,blockSize,time
100,CPU,0,12.459000
100,GPU,0,1206.821289
100,GPU,2,3.068032
100,GPU,4,0.893632
100,GPU,10,0.258272
100,GPU,20,0.212416
100,GPU,25,0.307904
200,CPU,0,98.490000
200,GPU,0,10699.657227
200,GPU,2,24.062496
200,GPU,4,6.759776
200,GPU,10,1.759104
200,GPU,20,1.614944
200,GPU,25,1.622656
500,CPU,0,1816.817000
