matrixSize,case,time
100,0,0.130432
100,1,0.143648
200,0,0.277536
200,1,0.427968
500,0,1.550336
500,1,1.743424
1000,0,3.971872
1000,1,4.018848
1500,0,7.579712
1500,1,8.761632
5000,0,104.871170
5000,1,194.794937
